Czech,French,English,Czec,hindi
Paris est une belle ,Bonjour ,Consistency ,Paris est une bele ,kay hora to tum se milegigi gaye hum tumara
Be successful in life ,Mélancolie,Laughter is a joyful sign ,,nvnvdflfbsd
Hole ha saflaljg asljflkhal asfhjaghhjaglkjgl,Sil vous plaît,Drink a lot of water,Paris est une beafflle ville de France ,vsbsbb
Dům  ,Embrace change; it leads to growth.,Thanks is a polite way of appreciation       ,Dům  fajfff ,bsbsgb                    
Friends are a great part of happiness ,Fromage ,You should be better than yourself everyday,Forgiveness is the key to good relationship,svgsdh hfdhyjykmgkgm jymukylyjnykt
,Paris est une belle ville de Fran,Hellovn ,a great happiness ,
,vsdc,,,
,Crossiant,,,
,Paris est une belle ville de France.,,,
