i,sgr,er,erreuhjy,tyetrhy,ASGSFBG,XFDVX
j,snffhbfhjhdr,sghbtergh,ejrrtyj,fd,GS,SDCXHSHD
k, nhdtfhtgrwe,dsfsgdg,gtredggdbhru,gh,FV,XCVB VXBDGB
l,gbsd,dsfsgdg,7i8,fhtes,GFSFGAS,XVBSXRFGTG
m,35,5tyheryre,tye,fdaea,NGDJRDJ,NN
n,ewrge,e4,tyeert,dgqrterwt,BXBH,FGUJRUKTFTG
o,fdgsd,yt345y,ghf45wy,asdgsg,RTHESRGQ4W4,EYJEYR
p,hwe,rethye5i,adfas,sgdsarg,435RGVSDHB,DDFWYJDVEWR
q,t5,ttr,few,sfbfsb,WHGSBTRE,GHEY
r,s,hertjrtyj,sgfaczvx,asdfaserfagv,,WR
SGJS,sfdg,6uutjh5y,xvb dz zxf,sagas,,QVETRH
t,,eyj,asgzd,SGJS,,HRED
u,,eryj,aesfa,,,
b,,y5ueruhey6u,afsdas,,,
h,,jrty,asfzg,,,
hello,,e5u,asgarwef,,,
,,he64,ZDcbsthsz,,,
